Workbook
Name Alfamart: Pendukung!$F$2:$F$4
Name Bluebird: Pendukung!$L$2:$L$4
Name Gojek: Pendukung!$K$2:$K$4
Name Indomaret: Pendukung!$G$2:$G$4
Name Laundry: Pendukung!$I$2:$I$4
Name Makan_Malam: Pendukung!$C$2:$C$6
Name Makan_Siang: Pendukung!$B$2:$B$7
Name N_A: Pendukung!$D$2
Name Sarapan: Pendukung!$A$2:$A$5
Name Superindo: Pendukung!$H$2:$H$4
Name Telkomsel: Pendukung!$J$2:$J$4
Name Tokopedia: Pendukung!$M$2:$M$4

Sheet Dashboard
B1: Template Keuangan 2.4

Sheet Detail Transaksi
B1: Detail Transaksi
B5: Uang Digital | I5: General | R5: Uang tunai
C8: Budget Awal | I8: Pengeluaran per Minggu | N8: Budget Maksimal per Hari | S8: Budget Awal
C9: =SUMIF(Pemasukan!D5:D14, "Digital", Pemasukan!F5:F14) -> 0 | I9: Minggu 1 | J9: =SUMIFS(Pengeluaran!$F$8:$F$67, Pengeluaran!$E$8:$E$67, ">="&B31, Pengeluaran!$E$8:$E$67, "<="&E31) + SUMIFS(Pengeluaran!$N$8:$N$67, Pengeluaran!$M$8:$M$67, ">="&B31, Pengeluaran!$M$8:$M$67, "<="&E31) -> 0 | N9: Digital | O9: =C12 / (DAY(EOMONTH(TODAY(),0)) - DAY(TODAY()) + 1) -> 0 | S9: =SUMIF(Pemasukan!D5:D14, "Tunai", Pemasukan!F5:F14) -> 0
I10: Minggu 2 | J10: =SUMIFS(Pengeluaran!$F$8:$F$67, Pengeluaran!$E$8:$E$67, ">="&B32, Pengeluaran!$E$8:$E$67, "<="&E32) + SUMIFS(Pengeluaran!$N$8:$N$67, Pengeluaran!$M$8:$M$67, ">="&B32, Pengeluaran!$M$8:$M$67, "<="&E32) -> 0 | N10: Tunai | O10: =S12 / (DAY(EOMONTH(TODAY(),0)) - DAY(TODAY()) + 1) -> 0
C11: Budget Akhir | I11: Minggu 3 | J11: =SUMIFS(Pengeluaran!$F$8:$F$67, Pengeluaran!$E$8:$E$67, ">="&B33, Pengeluaran!$E$8:$E$67, "<="&E33) + SUMIFS(Pengeluaran!$N$8:$N$67, Pengeluaran!$M$8:$M$67, ">="&B33, Pengeluaran!$M$8:$M$67, "<="&E33) -> 0 | S11: Budget Akhir
C12: =C9-SUMIF(Pengeluaran!D1:D60, "Digital", Pengeluaran!F1:F60)-SUMIF(Pengeluaran!L1:L60, "Digital", Pengeluaran!N1:N60) -> 0 | I12: Minggu 4 | J12: =SUMIFS(Pengeluaran!$F$8:$F$67, Pengeluaran!$E$8:$E$67, ">="&B34, Pengeluaran!$E$8:$E$67, "<="&E34) + SUMIFS(Pengeluaran!$N$8:$N$67, Pengeluaran!$M$8:$M$67, ">="&B34, Pengeluaran!$M$8:$M$67, "<="&E34) -> 0 | N12: Sisa Hari | S12: =S9-SUMIF(Pengeluaran!D1:D60, "Tunai", Pengeluaran!F1:F60)-SUMIF(Pengeluaran!L1:L60, "Tunai", Pengeluaran!N1:N60) -> 0
I13: Minggu 5 | J13: =SUMIFS(Pengeluaran!$F$8:$F$67, Pengeluaran!$E$8:$E$67, ">="&B35, Pengeluaran!$E$8:$E$67, "<="&E35) + SUMIFS(Pengeluaran!$N$8:$N$67, Pengeluaran!$M$8:$M$67, ">="&B35, Pengeluaran!$M$8:$M$67, "<="&E35) -> 0 | N13: =DAY(EOMONTH(TODAY(),0)) - DAY(TODAY()) + 1 -> 26
C19: =SUMIF(Pengeluaran!D1:D60, "Digital", Pengeluaran!F1:F60) -> 0
C20: =SUMIF(Pengeluaran!L1:L60, "Digital", Pengeluaran!N1:N60) -> 0 | S20: =SUMIF(Pengeluaran!D1:D60, "Tunai", Pengeluaran!F1:F60) -> 0
C21: =C12 -> 0 | S21: =SUMIF(Pengeluaran!L1:L60, "Tunai", Pengeluaran!N1:N60) -> 0
S22: =S12 -> 0
B27: Panel Kontrol | I27: Progress Bar Budget | R27: Alokasi Budget
B30: Tanggal Awal | E30: Tanggal Akhir | I30: Makanan Pokok | K30: =Pengeluaran!G8 -> 0 | R30: Makanan Pokok | T30: =(C9+S9)*40% -> 0
B31: 45658 | E31: 45664
B32: 45665 | E32: 45671
B33: 45672 | E33: 45678 | I33: Kebutuhan | K33: =Pengeluaran!O8 -> 0 | R33: Kebutuhan | T33: =(C9+S9)*60% -> 0
B34: 45679 | E34: 45685
B35: 45686 | E35: 45688

Sheet Pengeluaran
A1: Pengeluaran
A5: Makanan Pokok | I5: Kebutuhan Lain
A7: No | B7: Kategori | C7: Detail | D7: Pembayaran | E7: Tanggal | F7: Harga | G7: Total | I7: No | J7: Kategori | K7: Detail | L7: Pembayaran | M7: Tanggal | N7: Harga | O7: Total
A8: 1 | B8: N_A | C8: N/A | D8: N/A | G8: =SUM(F8:F67) -> 0 | I8: 1 | J8: N_A | K8: N/A | L8: N/A | O8: =SUM(N8:N67) -> 0
A9: 2 | B9: N_A | C9: N/A | D9: N/A | I9: 2 | J9: N_A | K9: N/A | L9: N/A
A10: 3 | B10: N_A | C10: N/A | D10: N/A | I10: 3 | J10: N_A | K10: N/A | L10: N/A
A11: 4 | B11: N_A | C11: N/A | D11: N/A | I11: 4 | J11: N_A | K11: N/A | L11: N/A
A12: 5 | B12: N_A | C12: N/A | D12: N/A | I12: 5 | J12: N_A | K12: N/A | L12: N/A
A13: 6 | B13: N_A | C13: N/A | D13: N/A | I13: 6 | J13: N_A | K13: N/A | L13: N/A
A14: 7 | B14: N_A | C14: N/A | D14: N/A | I14: 7 | J14: N_A | K14: N/A | L14: N/A
A15: 8 | B15: N_A | C15: N/A | D15: N/A | I15: 8 | J15: N_A | K15: N/A | L15: N/A
A16: 9 | B16: N_A | C16: N/A | D16: N/A | I16: 9 | J16: N_A | K16: N/A | L16: N/A
A17: 10 | B17: N_A | C17: N/A | D17: N/A | I17: 10 | J17: N_A | K17: N/A | L17: N/A
A18: 11 | B18: N_A | C18: N/A | D18: N/A | I18: 11 | J18: N_A | K18: N/A | L18: N/A
A19: 12 | B19: N_A | C19: N/A | D19: N/A | I19: 12 | J19: N_A | K19: N/A | L19: N/A
A20: 13 | B20: N_A | C20: N/A | D20: N/A | I20: 13 | J20: N_A | K20: N/A | L20: N/A
... A67: 60 | B67: N_A | C67: N/A | D67: N/A | I67: 60 | J67: N_A | K67: N/A | L67: N/A

Sheet Pemasukan
A1: Pemasukan
A4: No | B4: Kategori | C4: Detail | D4: Pembayaran | E4: Tanggal | F4: Harga | G4: Total
A5: 1 | D5: N/A | G5: =SUM(F5:F14) -> 0
A6: 2 | D6: N/A
A7: 3 | D7: N/A
A8: 4 | D8: N/A
A9: 5 | D9: N/A
A10: 6 | D10: N/A
A11: 7 | D11: N/A
A12: 8 | D12: N/A
A13: 9 | D13: N/A
A14: 10 | D14: N/A

Sheet Pendukung
A1: Sarapan | B1: Makan Siang | C1: Makan Malam | D1: N/A | F1: Alfamart | G1: Indomaret | H1: Superindo | I1: Laundry | J1: Telkomsel | K1: Gojek | L1: Bluebird | M1: Tokopedia
A2: Warteg | B2: Warteg | C2: Warteg | D2: N/A | F2: Kebutuhan Dapur | G2: Kebutuhan Dapur | H2: Belanja Mingguan | I2: Baju | J2: Topup | K2: Topup | L2: Bayar | M2: Kebutuhan Kos
A3: Nasi Kuning | B3: Balsan | C3: Nasi Goreng | F3: Kebutuhan Mandi | G3: Kebutuhan Mandi
A4: Gofood | B4: FKG | C4: Gofood | F4: Jajan | G4: Jajan
A5: Bikin Sendiri | B5: Gofood | C5: Burger Bangor
B6: Burger Bangor | C6: Bikin Sendiri | H6: Kebutuhan Dapur
B7: Bikin Sendiri | H7: Kebutuhan Mandi
H8: Buah
H9: Buah
A30: Nama Kolom | B30: Ukuran Kolom | C30: Ukuran Baris
A31: Default | B31: 8.11
A32: No | B32: 4.89
A33: Kategori | B33: 19.78
A34: Detail | B34: 19.78
A35: Pembayaran | B35: 12
A36: Tanggal | B36: 12
A37: Harga | B37: 14.78
A38: Total | B38: 14.78
A39: sheet detail | B39: 11 | C39: 19.8
A40: sheet pendukung | B40: 17
A41: sheet dashboard | B41: 11
