Workbook
Name Bluebird: Pendukung!$M$2
Name Gojek: Pendukung!$L$2
Name Indomaret: Pendukung!$H$2:$H$4
Name Laundry: Pendukung!$J$2
Name Makan_Malam: Pendukung!$C$2:$C$5
Name Makan_Siang: Pendukung!$B$2:$B$6
Name Makan_Siang_Malam: Pendukung!$D$2:$D$3
Name N_A: Pendukung!$E$2
Name Sarapan: Pendukung!$A$2:$A$5
Name Superindo: Pendukung!$I$2:$I$4
Name Telkomsel: Pendukung!$K$2
Name Tidak_Ada: Pendukung!$E$2
Name Titik: Pendukung!$E$2
Name Tokopedia: Pendukung!$N$2

Sheet Detail
A1: Detail Transaksi
B4: Uang Digital | I4: General | R4: Uang tunai
C7: Budget Awal | I7: Pengeluaran per Minggu | N7: Budget Maksimal per Hari | S7: Budget Awal
I8: Minggu 1 | J8: =SUMIFS(Digital!$E$11:$E$70, Digital!$D$11:$D$70, ">="&B31, Digital!$D$11:$D$70, "<="&E31) + SUMIFS(Digital!$L$11:$L$70, Digital!$K$11:$K$70, ">="&B31, Digital!$K$11:$K$70, "<="&E31) + SUMIFS(Tunai!$E$11:$E$70, Tunai!$D$11:$D$70, ">="&B31, Tunai!$D$11:$D$70, "<="&E31) + SUMIFS(Tunai!$K$11:$K$70, Tunai!$J$11:$J$70, ">="&B31, Tunai!$J$11:$J$70, "<="&E31) -> 0 | N8: Digital | O8: =C11 / (DAY(EOMONTH(TODAY(),0)) - DAY(TODAY()) + 1) -> 0
I9: Minggu 2 | J9: =SUMIFS(Digital!$E$11:$E$70, Digital!$D$11:$D$70, ">="&B32, Digital!$D$11:$D$70, "<="&E32) + SUMIFS(Digital!$L$11:$L$70, Digital!$K$11:$K$70, ">="&B32, Digital!$K$11:$K$70, "<="&E32) + SUMIFS(Tunai!$E$11:$E$70, Tunai!$D$11:$D$70, ">="&B32, Tunai!$D$11:$D$70, "<="&E32) + SUMIFS(Tunai!$K$11:$K$70, Tunai!$J$11:$J$70, ">="&B32, Tunai!$J$11:$J$70, "<="&E32) -> 0 | N9: Tunai | O9: =S11 / (DAY(EOMONTH(TODAY(),0)) - DAY(TODAY()) + 1) -> 0
C10: Budget Akhir | I10: Minggu 3 | J10: =SUMIFS(Digital!$E$11:$E$70, Digital!$D$11:$D$70, ">="&B33, Digital!$D$11:$D$70, "<="&E33) + SUMIFS(Digital!$L$11:$L$70, Digital!$K$11:$K$70, ">="&B33, Digital!$K$11:$K$70, "<="&E33) + SUMIFS(Tunai!$E$11:$E$70, Tunai!$D$11:$D$70, ">="&B33, Tunai!$D$11:$D$70, "<="&E33) + SUMIFS(Tunai!$K$11:$K$70, Tunai!$J$11:$J$70, ">="&B33, Tunai!$J$11:$J$70, "<="&E33) -> 0 | S10: Budget Akhir
C11: =C8-Digital!F11-Digital!M11 -> 0 | I11: Minggu 4 | J11: =SUMIFS(Digital!$E$11:$E$70, Digital!$D$11:$D$70, ">="&B34, Digital!$D$11:$D$70, "<="&E34) + SUMIFS(Digital!$L$11:$L$70, Digital!$K$11:$K$70, ">="&B34, Digital!$K$11:$K$70, "<="&E34) + SUMIFS(Tunai!$E$11:$E$70, Tunai!$D$11:$D$70, ">="&B34, Tunai!$D$11:$D$70, "<="&E34) + SUMIFS(Tunai!$K$11:$K$70, Tunai!$J$11:$J$70, ">="&B34, Tunai!$J$11:$J$70, "<="&E34) -> 0 | N11: Sisa Hari | S11: =S8-Tunai!F11-Tunai!L11 -> 0
I12: Minggu 5 | J12: =SUMIFS(Digital!$E$11:$E$70, Digital!$D$11:$D$70, ">="&B35, Digital!$D$11:$D$70, "<="&E35) + SUMIFS(Digital!$L$11:$L$70, Digital!$K$11:$K$70, ">="&B35, Digital!$K$11:$K$70, "<="&E35) + SUMIFS(Tunai!$E$11:$E$70, Tunai!$D$11:$D$70, ">="&B35, Tunai!$D$11:$D$70, "<="&E35) + SUMIFS(Tunai!$K$11:$K$70, Tunai!$J$11:$J$70, ">="&B35, Tunai!$J$11:$J$70, "<="&E35) -> 0 | N12: =DAY(EOMONTH(TODAY(),0)) - DAY(TODAY()) + 1 -> 1
S18: =Tunai!F11 -> 0
B19: =Digital!F11 -> 0 | S19: =Tunai!L11 -> 0
B20: =Digital!M11 -> 0 | S20: =S11 -> 0
B21: =C11 -> 0
A27: Panel Kontrol | I27: Progress Bar Budget | R27: Alokasi Budget
B30: Tanggal Awal | E30: Tanggal Akhir | I30: Makanan Digital | N30: Kebutuhan Digital | R30: Makanan Digital | V30: Kebutuhan Digital
B31: 45658 | E31: 45664 | R31: =C8*40% -> 0 | V31: =C8*60% -> 0
B32: 45665 | E32: 45671
B33: 45672 | E33: 45678 | I33: Makanan Tunai | N33: Kebutuhan Tunai | R33: Makanan Tunai | V33: Kebutuhan Tunai
B34: 45679 | E34: 45685 | R34: =S8*40% -> 0 | V34: =S8*60% -> 0
B35: 45686 | E35: 45688
I36: Catatan:
I37: Ubah manual batas maksimum bar progress

Sheet Digital
A1: Template Keuangan 2.3
A5: Uang Digital
A8: Makanan Pokok | H8: Kebutuhan Lain
A10: No | B10: Kategori | C10: Detail | D10: Tanggal | E10: Harga | F10: Total | H10: No | I10: Kategori | J10: Detail | K10: Tanggal | L10: Harga | M10: Total
A11: 1 | B11: N_A | C11: N/A | F11: =SUM(E11:E70) -> 0 | H11: 1 | I11: N_A | J11: N/A | M11: =SUM(L11:L70) -> 0
A12: 2 | B12: N_A | C12: N/A | H12: 2 | I12: N_A | J12: N/A
A13: 3 | B13: N_A | C13: N/A | H13: 3 | I13: N_A | J13: N/A
A14: 4 | B14: N_A | C14: N/A | H14: 4 | I14: N_A | J14: N/A
A15: 5 | B15: N_A | C15: N/A | H15: 5 | I15: N_A | J15: N/A
A16: 6 | B16: N_A | C16: N/A | H16: 6 | I16: N_A | J16: N/A
A17: 7 | B17: N_A | C17: N/A | H17: 7 | I17: N_A | J17: N/A
A18: 8 | B18: N_A | C18: N/A | H18: 8 | I18: N_A | J18: N/A
A19: 9 | B19: N_A | C19: N/A | H19: 9 | I19: N_A | J19: N/A
A20: 10 | B20: N_A | C20: N/A | H20: 10 | I20: N_A | J20: N/A
A21: 11 | B21: N_A | C21: N/A | H21: 11 | I21: N_A | J21: N/A
A22: 12 | B22: N_A | C22: N/A | H22: 12 | I22: N_A | J22: N/A
A23: 13 | B23: N_A | C23: N/A | H23: 13 | I23: N_A | J23: N/A
... A70: 60 | B70: N_A | C70: N/A | H70: 60 | I70: N_A | J70: N/A

Sheet Tunai
A1: Template Keuangan 2.3
A5: Uang Tunai
A8: Makanan Pokok | H8: Kebutuhan Lain
A10: No | B10: Kategori | C10: Detail | D10: Tanggal | E10: Harga | F10: Total | H10: No | I10: Kategori | J10: Tanggal | K10: Harga | L10: Total
A11: 1 | B11: N_A | C11: N/A | F11: =SUM(E11:E70) -> 0 | H11: 1 | I11: N_A | L11: =SUM(K11:K70) -> 0
A12: 2 | B12: N_A | C12: N/A | H12: 2 | I12: N_A
A13: 3 | B13: N_A | C13: N/A | H13: 3 | I13: N_A
A14: 4 | B14: N_A | C14: N/A | H14: 4 | I14: N_A
A15: 5 | B15: N_A | C15: N/A | H15: 5 | I15: N_A
A16: 6 | B16: N_A | C16: N/A | H16: 6 | I16: N_A
A17: 7 | B17: N_A | C17: N/A | H17: 7 | I17: N_A
A18: 8 | B18: N_A | C18: N/A | H18: 8 | I18: N_A
A19: 9 | B19: N_A | C19: N/A | H19: 9 | I19: N_A
A20: 10 | B20: N_A | C20: N/A | H20: 10 | I20: N_A
A21: 11 | B21: N_A | C21: N/A | H21: 11 | I21: N_A
A22: 12 | B22: N_A | C22: N/A | H22: 12 | I22: N_A
A23: 13 | B23: N_A | C23: N/A | H23: 13 | I23: N_A
... A70: 60 | B70: N_A | C70: N/A | H70: 60 | I70: N_A

Sheet Pendukung
A1: Sarapan | B1: Makan Siang | C1: Makan Malam | D1: Makan Siang & Malam | E1: N/A | G1: Alfamart | H1: Indomaret | I1: Superindo | J1: Laundry | K1: Telkomsel | L1: Gojek | M1: Bluebird | N1: Tokopedia
A2: Warteg | B2: Warteg | C2: Warteg | D2: Balsan | E2: N/A | G2: Kebutuhan Dapur | H2: Kebutuhan Dapur | I2: Kebutuhan Dapur | J2: Baju | K2: Topup | L2: Topup | M2: Bayar | N2: Kebutuhan Kos
A3: Nasi Kuning | B3: Balsan | C3: Nasi Goreng | D3: Burger Bangor | G3: Kebutuhan Mandi | H3: Kebutuhan Mandi | I3: Kebutuhan Mandi
A4: Gofood | B4: FKG | C4: Gofood | G4: Jajan | H4: Jajan | I4: Buah
A5: Bikin Sendiri | B5: Gofood | C5: Bikin Sendiri
B6: Bikin Sendiri
F14: P
A18: Default | B18: 8.11
A19: No | B19: 4.89
A20: Kategori | B20: 19.78
A21: Detail | B21: 19.78
A22: Tanggal | B22: 16.78
A23: Harga | B23: 16.78
A24: Total | B24: 16.78
