Workbook
Name Alfamart: Pendukung!$F$5:$F$7
Name Bank: Pendukung!$O$5
Name Beli: Pendukung!$N$5:$N$7
Name Bluebird: Pendukung!$L$5:$L$7
Name Gojek: Pendukung!$K$5:$K$7
Name Indomaret: Pendukung!$G$5:$G$7
Name Lomba: Pendukung!$P$5:$P$8
Name Makan_Malam: Pendukung!$C$5:$C$10
Name Makan_Siang: Pendukung!$B$5:$B$10
Name N_A: Pendukung!$D$5
Name Pembayaran: Pendukung!$F$19:$F$21
Name Pembayaran: Pendukung!$F$19:$F$21
Name Pemeliharaan: Pendukung!$I$5:$I$7
Name Sarapan: Pendukung!$A$5:$A$9
Name Sisa: Pendukung!$C$19
Name Superindo: Pendukung!$H$5:$H$7
Name Telkomsel: Pendukung!$J$5:$J$7
Name Tokopedia: Pendukung!$M$5:$M$7
Name Transisi: Pendukung!$D$19:$D$20
Name Transisi_NA: Pendukung!$F$22
Name Transisi_NA: Pendukung!$F$22
Name Uang_Bulanan: Pendukung!$A$19:$A$21

Sheet Dashboard
B2: Dashboard Keuangan 3.0
B6: Selamat Datang di Template Keuangan Excel
B8: Template ini bertujuan untuk melacak pengeluaran dan pemasukan yang dilakukan
B10: Selamat Menggunakan
B13: Detail Transaksi | E13: Pengeluaran | H13: Pendapatan | K13: Pendukung
B16: Sheet 'Detail Transaksi' berisi semua transaksi secara detail, mulai dari uang digital dan uang tunai, pengeluaran per minggu, beberapa grafik, dll | E16: Sheet 'Pengeluaran' menangani semua pengeluaran yang dilakukan. Pengeluaran diagi menjadi dua kelompok, Makanan Pokok dan Kebutuhan Lain dan juga pembayaran dipisah antara uang digital dan uang tunai | H16: Sheet 'Pendapatan menangani semua pendapatan yang diterima. Pendapatan tidak memiliki kelompok dan dibagi antara pendapatan tunai dan digital | K16: Sheet 'Pendukung' memberikan dukungan berupa relasi antara Kolom Kategori dan Detail yang terdapat pada sheet Pengeluaran dan Pendapatan serta menyimpan ukuran baris dan kolom masing-masing sheet
B24: Hasil Bulan Lalu
C29: D:\keseharian\[Dashboard keuangan 2.5.xlsx]detail transaksi'!C19 | I29: D:\keseharian\[Dashboard keuangan 2.5.xlsx]detail transaksi'!S20
C30: D:\keseharian\[Dashboard keuangan 2.5.xlsx]detail transaksi'!C20 | I30: D:\keseharian\[Dashboard keuangan 2.5.xlsx]detail transaksi'!S21
C31: D:\keseharian\[Dashboard keuangan 2.5.xlsx]detail transaksi'!C21 | I31: D:\keseharian\[Dashboard keuangan 2.5.xlsx]detail transaksi'!S22

Sheet Detail Transaksi
B2: Detail Transaksi
B6: Uang Digital | I6: Pengeluaran per Minggu | R6: Uang tunai
C9: Budget Awal | I9: Pengeluaran per Minggu | N9: Budget Maksimal per Hari | S9: Budget Awal
C10: =SUMIFS(Pendapatan!G6:G15, Pendapatan!E6:E15, "Digital") +SUMIFS(Pendapatan!G6:G15, Pendapatan!D6:D15, "Deposit") -SUMIFS(Pendapatan!G6:G15, Pendapatan!D6:D15, "Tarik Tunai") -> 0 | I10: Minggu 1 | J10: =SUMIFS(Pengeluaran!$G$9:$G$68, Pengeluaran!$F$9:$F$68, ">="&B44, Pengeluaran!$F$9:$F$68, "<="&E44) + SUMIFS(Pengeluaran!$O$9:$O$68, Pengeluaran!$N$9:$N$68, ">="&B44, Pengeluaran!$N$9:$N$68, "<="&E44) -> 0 | N10: Digital | O10: =C13 / (DAY(EOMONTH(TODAY(),0)) - DAY(TODAY()) + 1) -> 0 | S10: =SUMIFS(Pendapatan!G6:G15, Pendapatan!E6:E15, "Tunai") +SUMIFS(Pendapatan!G6:G15, Pendapatan!D6:D15, "Tarik Tunai") -SUMIFS(Pendapatan!G6:G15, Pendapatan!D6:D15, "Deposit") -> 0
I11: Minggu 2 | J11: =SUMIFS(Pengeluaran!$G$9:$G$68, Pengeluaran!$F$9:$F$68, ">="&B45, Pengeluaran!$F$9:$F$68, "<="&E45) + SUMIFS(Pengeluaran!$O$9:$O$68, Pengeluaran!$N$9:$N$68, ">="&B45, Pengeluaran!$N$9:$N$68, "<="&E45) -> 0 | N11: Tunai | O11: =S13 / (DAY(EOMONTH(TODAY(),0)) - DAY(TODAY()) + 1) -> 0
C12: Budget Akhir | I12: Minggu 3 | J12: =SUMIFS(Pengeluaran!$G$9:$G$68, Pengeluaran!$F$9:$F$68, ">="&B46, Pengeluaran!$F$9:$F$68, "<="&E46) + SUMIFS(Pengeluaran!$O$9:$O$68, Pengeluaran!$N$9:$N$68, ">="&B46, Pengeluaran!$N$9:$N$68, "<="&E46) -> 0 | S12: Budget Akhir
C13: =C10-SUMIF(Pengeluaran!E2:E61, "Digital", Pengeluaran!G2:G61)-SUMIF(Pengeluaran!M2:M61, "Digital", Pengeluaran!O2:O61) -> 0 | I13: Minggu 4 | J13: =SUMIFS(Pengeluaran!$G$9:$G$68, Pengeluaran!$F$9:$F$68, ">="&B47, Pengeluaran!$F$9:$F$68, "<="&E47) + SUMIFS(Pengeluaran!$O$9:$O$68, Pengeluaran!$N$9:$N$68, ">="&B47, Pengeluaran!$N$9:$N$68, "<="&E47) -> 0 | N13: Sisa Hari | S13: =S10-SUMIF(Pengeluaran!E2:E61, "Tunai", Pengeluaran!G2:G61)-SUMIF(Pengeluaran!M2:M61, "Tunai", Pengeluaran!O2:O61) -> 0
I14: Minggu 5 | J14: =SUMIFS(Pengeluaran!$G$9:$G$68, Pengeluaran!$F$9:$F$68, ">="&B48, Pengeluaran!$F$9:$F$68, "<="&E48) + SUMIFS(Pengeluaran!$O$9:$O$68, Pengeluaran!$N$9:$N$68, ">="&B48, Pengeluaran!$N$9:$N$68, "<="&E48) -> 0 | N14: =DAY(EOMONTH(TODAY(),0)) - DAY(TODAY()) + 1 -> 28
J17: =J10 -> 0
J18: =J11 -> 0
J19: =J12 -> 0
C20: =SUMIF(Pengeluaran!E2:E61, "Digital", Pengeluaran!G2:G61) -> 0 | J20: =J13 -> 0
C21: =SUMIF(Pengeluaran!M2:M61, "Digital", Pengeluaran!O2:O61) -> 0 | J21: =J14 -> 0 | S21: =SUMIF(Pengeluaran!E2:E61, "Tunai", Pengeluaran!G2:G61) -> 0
C22: =C13 -> 0 | J22: =(C10+S10)-SUM(J17:J21) -> 0 | S22: =SUMIF(Pengeluaran!M2:M61, "Tunai", Pengeluaran!O2:O61) -> 0
S23: =S13 -> 0
C29: =SUMIF(Pengeluaran!E2:E61, "Digital", Pengeluaran!G2:G61) -> 0 | S29: =SUMIF(Pengeluaran!E2:E61, "Tunai", Pengeluaran!G2:G61) -> 0
C30: =SUMIF(Pengeluaran!M2:M61, "Digital", Pengeluaran!O2:O61) -> 0 | S30: =SUMIF(Pengeluaran!M2:M61, "Tunai", Pengeluaran!O2:O61) -> 0
C31: =C13 -> 0 | S31: =S13 -> 0
B40: Panel Kontrol | I40: Progress Bar Budget | R40: Alokasi Budget
B43: Tanggal Awal | E43: Tanggal Akhir | I43: Makanan Pokok | K43: =Pengeluaran!H9 -> 0 | R43: Makanan Pokok | T43: =(C10+S10)*40% -> 0
B44: 45658 | E44: 45664
B45: 45665 | E45: 45671
B46: 45672 | E46: 45678 | I46: Kebutuhan | K46: =Pengeluaran!P9 -> 0 | R46: Kebutuhan | T46: =(C10+S10)*60% -> 0
B47: 45679 | E47: 45685
B48: 45686 | E48: 45688

Sheet Pengeluaran
B2: Pengeluaran
B6: Makanan Pokok | J6: Kebutuhan Lain
B8: No | C8: Kategori | D8: Detail | E8: Pembayaran | F8: Tanggal | G8: Harga | H8: Total | J8: No | K8: Kategori | L8: Detail | M8: Pembayaran | N8: Tanggal | O8: Harga | P8: Total
B9: 1 | C9: N_A | D9: N/A | E9: N/A | H9: =SUM(G9:G68) -> 0 | J9: 1 | K9: N_A | L9: N/A | M9: N/A | P9: =SUM(O9:O68) -> 0
B10: 2 | C10: N_A | D10: N/A | E10: N/A | J10: 2 | K10: N_A | L10: N/A | M10: N/A
B11: 3 | C11: N_A | D11: N/A | E11: N/A | J11: 3 | K11: N_A | L11: N/A | M11: N/A
B12: 4 | C12: N_A | D12: N/A | E12: N/A | J12: 4 | K12: N_A | L12: N/A | M12: N/A
B13: 5 | C13: N_A | D13: N/A | E13: N/A | J13: 5 | K13: N_A | L13: N/A | M13: N/A
B14: 6 | C14: N_A | D14: N/A | E14: N/A | J14: 6 | K14: N_A | L14: N/A | M14: N/A
B15: 7 | C15: N_A | D15: N/A | E15: N/A | J15: 7 | K15: N_A | L15: N/A | M15: N/A
B16: 8 | C16: N_A | D16: N/A | E16: N/A | J16: 8 | K16: N_A | L16: N/A | M16: N/A
B17: 9 | C17: N_A | D17: N/A | E17: N/A | J17: 9 | K17: N_A | L17: N/A | M17: N/A
B18: 10 | C18: N_A | D18: N/A | E18: N/A | J18: 10 | K18: N_A | L18: N/A | M18: N/A
B19: 11 | C19: N_A | D19: N/A | E19: N/A | J19: 11 | K19: N_A | L19: N/A | M19: N/A
B20: 12 | C20: N_A | D20: N/A | E20: N/A | J20: 12 | K20: N_A | L20: N/A | M20: N/A
B21: 13 | C21: N_A | D21: N/A | E21: N/A | J21: 13 | K21: N_A | L21: N/A | M21: N/A
... B68: 60 | C68: N_A | D68: N/A | E68: N/A | J68: 60 | K68: N_A | L68: N/A | M68: N/A

Sheet Pendapatan
B2: Pendapatan
B5: No | C5: Kategori | D5: Detail | E5: Pembayaran | F5: Tanggal | G5: Harga | H5: Total
B6: 1 | C6: N_A | D6: N/A | E6: N/A | H6: =SUM(G6:G15) -> 0
B7: 2 | C7: N_A | D7: N/A | E7: N/A
B8: 3 | C8: N_A | D8: N/A | E8: N/A
B9: 4 | C9: N_A | D9: N/A | E9: N/A
B10: 5 | C10: N_A | D10: N/A | E10: N/A
B11: 6 | C11: N_A | D11: N/A | E11: N/A
B12: 7 | C12: N_A | D12: N/A | E12: N/A
B13: 8 | C13: N_A | D13: N/A | E13: N/A
B14: 9 | C14: N_A | D14: N/A | E14: N/A
B15: 10 | C15: N_A | D15: N/A | E15: N/A

Sheet Pendukung
A1: Pengeluaran
A4: Sarapan | B4: Makan Siang | C4: Makan Malam | D4: N/A | F4: Alfamart | G4: Indomaret | H4: Superindo | I4: Pemeliharaan | J4: Telkomsel | K4: Gojek | L4: Bluebird | M4: Tokopedia | N4: Beli | O4: Bank | P4: Lomba
A5: Warteg | B5: Warteg | C5: Warteg | D5: N/A | F5: Kebutuhan Dapur | G5: Kebutuhan Dapur | H5: Belanja Mingguan | I5: Laundry | J5: Topup | K5: Topup | L5: Bayar | M5: Kebutuhan Kos | N5: Galon | O5: Admin | P5: Jalan Kaki
A6: Nasi Kuning | B6: Balsan | C6: Nasi Goreng | F6: Kebutuhan Mandi | G6: Kebutuhan Mandi | I6: Cuci Motor | N6: Bensin | P6: Lari
A7: Gofood | B7: FKG | C7: Gofood | F7: Jajan | G7: Jajan | N7: Jajan | P7: Sepeda
A8: Bikin Sendiri | B8: Gofood | C8: Burger Bangor | P8: CTF
A9: Sahur | B9: Burger Bangor | C9: Bikin Sendiri
B10: Bikin Sendiri | C10: Buka Puasa
A12: #FFDAB9 | B12: #AAF0D1 | C12: #ADD8E6 | D12: #F8F8F8 | F12: #FFFACD | G12: #FFC0CB | H12: #C5E384 | I12: #F5F5DC | J12: #F08080 | K12: #00B488 | L12: #5DADE2 | M12: #1ABC9C | N12: #D3D3D3 | O12: #D2B48C | P12: #DDA0DD
A13: #FFE4C4 | B13: #CCFFE5 | C13: #D6EAF8 | F13: #FFFAE3 | G13: #FFDDEE | H13: #E9F7CF | I13: #EEE8AA | J13: #FFD4D4 | K13: #B2DFDB | L13: #D6EAF8 | M13: #D1F2EB | N13: #F0F0F0 | O13: #F5DEB3 | P13: #F3E5F5
A15: Pemasukan
A18: Uang Bulanan | B18: N/A | C18: Sisa | D18: Transisi | F18: Pembayaran
A19: Ortu | B19: N/A | C19: Bulan Lalu | D19: Deposit | F19: Tunai
A20: Beasiswa | D20: Tarik Tunai | F20: Digital
A21: Gaji | F21: N/A
F22: N/A
A26: #FFDAB9 | B26: #F8F8F8 | C26: #E0E0E0 | D26: #B0C4DE
A27: #FFEFD5 | C27: #F5F5F5 | D27: #DCEAF5
A30: Nama Kolom | B30: Ukuran Kolom | C30: Ukuran Baris
A31: Default | B31: 8.11 | C31: 14.4
A32: No | B32: 4.89
A33: Kategori | B33: 19.78
A34: Detail | B34: 19.78
A35: Pembayaran | B35: 12
A36: Tanggal | B36: 12
A37: Harga | B37: 14.78
A38: Total | B38: 14.78
A39: sheet detail | B39: 11 | C39: 19.8
A40: sheet pendukung | B40: 17
A41: sheet dashboard | B41: 11
